{
  "project_info": {
    "project_number": "207353627924",
    "project_id": "sfirebase2",
    "storage_bucket": "sfirebase2.appspot.com"
  },
  "client": [
    {
      "client_info": {
        "mobilesdk_app_id": "1:207353627924:android:7f359fec276166b059ae01",
        "android_client_info": {
          "package_name": "com.example.sfirebase2"
        }
      },
      "oauth_client": [
        {
          "client_id": "207353627924-c230l9m8435dqqlsgiom09j4ffodrqvr.apps.googleusercontent.com",
          "client_type": 3
        }
      ],
      "api_key": [
        {
          "current_key": "AIzaSyDG4fFQ2ZYrFpuMnh5cqTP6JeTItmbr4do"
        }
      ],
      "services": {
        "appinvite_service": {
          "other_platform_oauth_client": [
            {
              "client_id": "207353627924-c230l9m8435dqqlsgiom09j4ffodrqvr.apps.googleusercontent.com",
              "client_type": 3
            }
          ]
        }
      }
    }
  ],
  "configuration_version": "1"
}